Date,Market Price,Trans/Day,Addresses,Trade Vol,Miners Fee
11/30/2014,375.96,80934,245004,1378610.325,4397.404485
12/1/2014,381.72,95220,174232,2142298.704,5344.867164
12/2/2014,381.93,100786,205483,2688428.191,5428.72816
12/3/2014,378.25,97296,199881,3147124.924,5138.536531
12/4/2014,371.67,100829,186491,4490174.357,5222.4212
12/5/2014,373.98,92900,194141,2895748.427,5129.877467
12/6/2014,374.05,83633,173360,1743444.376,4367.192456
12/7/2014,375.73,77357,232300,891903.195,4093.94903
12/8/2014,367.01,84498,183776,3089535.823,4632.47651
12/9/2014,350.29,89587,191539,7768458.049,5233.101678
12/10/2014,350.97,90695,190602,2043127.042,4444.2035
12/11/2014,356.1,85829,187113,5803133.702,4341.804025
12/12/2014,355.08,80103,177462,2743962.425,4078.866156
12/13/2014,350.31,79512,174655,2120593.002,3838.831247
12/14/2014,353.28,73926,231376,1445863.678,3781.426092
12/15/2014,352.15,95727,215842,2792637.419,5211.58101
12/16/2014,336.73,98790,204914,5806208.802,4911.420513
12/17/2014,318.2,93704,203993,7045461.436,4404.146697
12/18/2014,317.7,103161,225354,7102865.206,4989.111306
12/19/2014,317.63,92052,160502,5278321.875,4543.301707
12/20/2014,325.7,91493,240775,4201699.027,4201.3232
12/21/2014,326.93,80829,204217,2065043.559,3706.781079
12/22/2014,332.53,89437,195624,3999684.272,4365.005955
12/23/2014,336.96,99770,210726,2639069.78,4754.93087
12/24/2014,327.59,89515,174711,2076350.076,4061.226845
12/25/2014,319.31,70684,147374,1506598.718,3080.72822
12/26/2014,328.09,71700,145412,1370436.176,5390.440149
12/27/2014,314.45,78776,188604,2924530.552,6106.089017
12/28/2014,317.5,74773,236392,1789810.033,3823.546417
12/29/2014,314.49,79812,159314,1612460.872,4423.501073
12/30/2014,313.09,85247,181005,2454059.749,4367.87208
12/31/2014,317.4,83768,157377,2366224.101,3951.3023
1/1/2015,315.7,58963,116012,1546927.093,2526.571052
1/2/2015,316.15,72234,168563,1016669.632,3391.560724
1/3/2015,302.33,82832,207571,3629503.461,3599.567549
1/4/2015,270.93,85570,206228,11849100.4,5496.656838
1/5/2015,276.8,93753,193982,10769340.83,4696.488732
1/6/2015,276.8,87160,179154,10769340.83,3558.725583
1/7/2015,276.8,92912,180992,10769340.83,3710.563329
1/8/2015,276.8,99126,186319,10769340.83,4000.835905
1/9/2015,276.8,105211,201458,10769340.83,4468.882802
1/10/2015,278,105895,251092,10206899.67,4292.492121
1/11/2015,272.25,93957,209755,2847004.613,3892.732177
1/12/2015,270,98185,185802,3371922.799,8812.784783
1/13/2015,230.89,99090,199744,10679959.79,3336.151847
1/14/2015,176.5,104481,228898,20003943.79,2802.028495
1/15/2015,218.11,115787,212403,19804382.73,3609.503751
1/16/2015,205.35,112530,219873,10063648.17,3262.11296
1/17/2015,197.12,89839,254267,4567169.464,2492.773912
1/18/2015,211.18,87047,223392,3721863.955,2692.599113
1/19/2015,212.39,94096,197559,2677624.611,3356.724199
1/20/2015,212.99,98890,194860,3255763.955,3070.327454
1/21/2015,215.2,100251,197159,2988445.537,3005.948105
1/22/2015,233.9,94979,188687,7856570.195,3146.428292
1/23/2015,233.03,87217,179966,3662928.212,3068.698519
1/24/2015,244.64,89630,172854,2839467.847,2979.85339
1/25/2015,247.11,82358,256121,6624843.332,3036.271286
1/26/2015,271.47,105423,236920,15302136.41,4433.448374
1/27/2015,266.03,99035,204121,6818344.422,3682.328896
1/28/2015,249.25,89287,165874,3953455.434,3062.790132
1/29/2015,233.19,88519,171619,7780990.202,2751.841562
1/30/2015,230.11,86360,167768,5417548.378,2754.395762
1/31/2015,229.7,83762,239182,3253319.917,2792.191381
2/1/2015,220.72,79193,208727,4223952.118,2429.127124
2/2/2015,223,83230,185554,3867133.975,2703.732606
2/3/2015,236.51,93499,207461,4094181.676,3180.107874
2/4/2015,222.56,89353,198955,4041719.039,2747.776993
2/5/2015,217.37,90028,181629,3103400.582,2721.367036
2/6/2015,220.47,83440,186259,2428434.543,2524.431099
2/7/2015,225.16,86207,180449,1614452.685,2724.745883
2/8/2015,223.5,82716,251391,3802427.604,2559.771055
2/9/2015,220.39,95860,197636,3550609.459,3037.860188
2/10/2015,220.16,103551,189629,2058429.798,3122.884008
2/11/2015,221.99,98701,189188,2290977.897,3254.967883
2/12/2015,221.83,93868,202264,1667205.478,2992.528082
2/13/2015,239.94,107390,256202,4783505.351,3824.58254
2/14/2015,245.31,107004,243646,3932517.324,4091.329872
2/15/2015,243.99,85355,295507,7200685.85,3277.998321
2/16/2015,235.86,103339,223579,4051377.606,3666.281483
2/17/2015,244,98899,226216,2923405.966,3693.202229
2/18/2015,234.87,104555,223247,3259977.946,3594.491984
2/19/2015,241.59,96005,181312,1863197.017,3313.589453
2/20/2015,243.56,96709,194679,2844072.146,3391.470963
2/21/2015,245.66,92541,248310,948087.4528,3539.650218
2/22/2015,236,86028,223159,1342658.74,2937.434336
2/23/2015,237.09,96936,215517,1489492.045,3280.737847
2/24/2015,240.1,104463,196851,1422548.459,3495.966307
2/25/2015,238.59,104785,194596,1091100.678,3612.025212
2/26/2015,237.5,101348,189240,1306098.483,3426.231936
2/27/2015,254,103395,199935,5142151.576,3600.636901
2/28/2015,252.98,90259,238834,1809685.331,3470.754314
3/1/2015,247.56,86274,229461,1166508.164,3136.468168
3/2/2015,263.81,102935,213896,4190275.839,4243.186317
3/3/2015,275.8,109142,216316,6322638.075,4227.617474
3/4/2015,281.65,104846,211468,4175486.612,4251.15698
3/5/2015,265.63,96611,195590,3247071.615,3773.385725
3/6/2015,272.12,96367,199410,2790042.69,4683.698329
3/7/2015,275.83,94270,222227,1278948.674,3743.967466
3/8/2015,273.87,86526,213398,1598282.264,3599.347602
3/9/2015,287.48,96449,201698,2624649.3,4028.597326
3/10/2015,294.06,112347,210072,4541544.016,4943.991758
3/11/2015,293.29,102856,208179,2017351.323,4535.966931
3/12/2015,297.39,97654,193924,2264480.103,4269.990427
3/13/2015,289.51,96745,198297,2829325.031,4018.013193
3/14/2015,284.21,88828,219463,1667974.394,3519.063835
3/15/2015,283.57,84477,222639,696621.6761,3361.648956
3/16/2015,290.88,97794,206461,1924370.486,4085.088058
3/17/2015,287.02,104238,199845,1638629.867,4234.755381
3/18/2015,265.85,102985,191204,3990297.827,4041.458915
3/19/2015,260.62,102414,190851,5077345.218,4178.821982
3/20/2015,259.8,103109,198449,2211571.493,4184.074796
3/21/2015,257.83,100458,218099,1199329.84,3782.960223
3/22/2015,260.5,84331,214152,739422.5997,3136.329758
3/23/2015,266.07,106330,221091,2600779.006,4623.217154
3/24/2015,247.83,96397,185435,4563612.295,3551.139307
3/25/2015,245.68,93930,182792,3800537.269,3763.267196
3/26/2015,251.98,98391,188107,1879171.379,3546.401875
3/27/2015,248.63,106302,202290,1762548.2,3823.355535
3/28/2015,251.52,90053,208232,1454108.684,3243.746954
3/29/2015,244.05,87456,228699,1394413.524,2975.894911
3/30/2015,245.18,102105,202713,2020679.428,3630.370931
3/31/2015,242.92,105294,203189,1931577.517,3579.709428
4/1/2015,242.7,126590,241041,1486479.409,4396.665481
4/2/2015,252.44,115686,214884,2073907.998,4042.841343
4/3/2015,254.39,103760,195509,1958133.003,3719.309122
4/4/2015,253.77,94152,228536,815494.561,3821.908731
4/5/2015,257.03,94048,222020,1211778.66,3677.424802
4/6/2015,254.7,100949,189967,1564105.637,3900.123277
4/7/2015,255.48,111786,220417,1531937.935,4134.953508
4/8/2015,245.89,108047,214628,2669120.529,3805.770801
4/9/2015,244.98,117822,203465,2216224.724,4160.563449
4/10/2015,235.71,114091,215133,2675116.129,7025.864922
4/11/2015,236.7,103454,243573,1140185.631,4048.811688
4/12/2015,236.76,88884,193479,675937.4314,3399.320365
4/13/2015,225.99,105282,232236,2112299.331,3596.262889
4/14/2015,216,113372,219510,4257460.584,3660.524132
4/15/2015,218.96,105461,190441,2666738.767,3301.889874
4/16/2015,229.62,104063,196262,2376336.693,3448.930832
4/17/2015,222.67,102089,191876,2048217.22,3178.850035
4/18/2015,222.32,100484,225102,1085148.339,3093.226001
4/19/2015,225.72,86313,168858,1282638.288,2723.283617
4/20/2015,224.63,115128,253148,1314495.733,3586.385975
4/21/2015,224.88,114061,205286,1214171.137,3780.292557
4/22/2015,237.34,113657,222085,3082931.511,3826.954736
4/23/2015,235.48,107241,212819,2574137.143,3479.175377
4/24/2015,230.93,110568,205205,1785947.069,3747.830831
4/25/2015,228.6,100790,242148,1441666.346,22851.76354
4/26/2015,218.42,93761,226263,2205193.133,2904.382772
4/27/2015,222.59,109382,203028,2518529.62,3382.523405
4/28/2015,222.66,112434,218502,2701221.051,3518.091371
4/29/2015,225.69,116989,207741,1833578.514,3900.515167
4/30/2015,235.13,114070,215077,2664411.21,3783.082242
5/1/2015,233.43,105236,197072,2008394.005,3571.894751
5/2/2015,234.13,96416,238390,1266259.35,3295.322536
5/3/2015,240.51,86037,212123,1041482.494,2977.089305
5/4/2015,236.17,94120,190201,1535336.538,3293.21053
5/5/2015,234.66,114171,219068,2093073.881,3763.323364
5/6/2015,235.79,113496,219506,1347892.373,3776.625542
5/7/2015,233.99,113420,227324,2515896.027,3827.663351
5/8/2015,244.72,108365,261673,2975459.388,3883.679141
5/9/2015,241.08,98717,199251,1638017.405,3564.588169
5/10/2015,239.35,90054,213909,812668.8084,3642.339693
5/11/2015,244.19,102966,215628,1904904.063,3951.0792
5/12/2015,241.51,114424,233523,2404838.896,4045.920245
5/13/2015,242.72,108615,211323,1396294.364,3739.6443
5/14/2015,238.32,101228,201739,2207220.564,3383.784099
5/15/2015,237.6,107882,209999,1531716.976,3583.376161
5/16/2015,236.63,93025,236081,795922.6614,3264.590284
5/17/2015,235.78,85578,216412,735036.9233,2908.060874
5/18/2015,236.45,97915,197816,1151300.876,3511.707308
5/19/2015,232.04,106503,207126,1645994.514,3587.847459
5/20/2015,234.6,107683,221491,1878977.716,3678.350558
5/21/2015,236,99962,203159,1188036.812,3413.288209
5/22/2015,240.5,100591,207671,2072782.039,3684.740108
5/23/2015,238.77,92674,194783,1284918.23,3216.761716
5/24/2015,240.46,87996,246182,704331.906,3065.183027
5/25/2015,235.65,105519,206424,1090396.644,3650.04907
5/26/2015,235.94,106971,222322,1966702.791,4186.926909
5/27/2015,235,108558,221553,1917704.589,3783.184026
5/28/2015,236.48,109786,220123,1329201.296,3813.832839
5/29/2015,235.87,123148,237083,1599476.104,4133.936271
5/30/2015,231.12,132907,269743,1100197.163,4191.162966
5/31/2015,231.95,96037,238007,862849.4402,3163.523603
6/1/2015,222.4,116959,252174,2404867.597,10062.99588
6/2/2015,224.83,133489,257275,2086859.886,4293.950923
6/3/2015,226.29,125399,239702,1172704.722,4041.998153
6/4/2015,225.54,123893,240222,1129310.375,3941.057138
6/5/2015,224.15,109700,232715,1887450.543,3625.010698
6/6/2015,224.49,102005,244636,803238.4779,3424.710832
6/7/2015,222.6,88440,225189,781109.4909,3037.389167
6/8/2015,228,94037,188952,1672692.119,3484.921292
6/9/2015,230.1,115633,208925,2215932.111,3839.21006
6/10/2015,228.01,133064,267864,1320103.418,4609.495199
6/11/2015,229,125147,258189,1390374.471,4176.379034
6/12/2015,229.98,125022,247460,1164648.427,4169.797556
6/13/2015,230.22,112813,246532,802279.9441,4037.562358
6/14/2015,232.05,100512,223880,1187052.314,3711.710349
6/15/2015,236.46,122279,277522,2207160.224,4378.9465
6/16/2015,245.35,124094,241825,4056676.692,4846.145113
6/17/2015,249.96,133747,256567,4321270.169,6234.319229
6/18/2015,248.25,122001,233829,3052713.674,4901.489222
6/19/2015,246.45,125430,247406,1502419.595,7152.926033
6/20/2015,244.08,114779,246533,1498695.213,5504.765378
6/21/2015,242.47,91203,224267,488875.567,3192.28186
6/22/2015,246.35,111788,204152,1174145.21,5722.514772
6/23/2015,243.92,128795,271463,1177823.523,5592.784949
6/24/2015,240.64,114471,218529,1660686.69,4029.650406
6/25/2015,241.92,113329,199310,1256182.329,4029.407361
6/26/2015,241.19,115640,240437,960393.3307,4358.975386
6/27/2015,248.5,108876,258833,1655413.084,4228.769036
6/28/2015,248.76,97690,230750,1776223.699,3817.460758
6/29/2015,253.8,117119,224321,3466515.289,4475.699537
6/30/2015,262.53,149003,261770,5102700.852,7200.93872
7/1/2015,257.85,150917,250536,3870044.778,6046.71528
7/2/2015,255.06,135567,254259,2669145.663,5598.119275
7/3/2015,255.1,138811,270019,2179138.463,6423.051465
7/4/2015,257.92,114310,250207,1875664.258,5092.01524
7/5/2015,270.92,101714,241519,4223919.901,4913.962671
7/6/2015,273.37,151741,276989,6496801.867,8011.260117
7/7/2015,267.26,201921,295662,4037671.083,11930.32132
7/8/2015,269.68,200420,273054,4469428.104,13497.95354
7/9/2015,270.68,187202,263045,3839394.284,11490.58736
7/10/2015,286.98,214487,273833,7216507.331,11190.14752
7/11/2015,293.5,171652,278810,4683709.261,10841.56358
7/12/2015,309.3,204729,271999,6677463.455,14095.13194
7/13/2015,289.9,176542,232590,8667679.213,9872.979794
7/14/2015,292.87,119707,229381,3289740.472,8204.891059
7/15/2015,290.95,122340,234754,2047775.775,8151.98238
7/16/2015,275.76,113812,228231,6262766.452,7497.919918
7/17/2015,277.99,118048,214161,3553708.156,6908.205709
7/18/2015,278.08,120617,219461,2954144.368,12456.04304
7/19/2015,276.09,134643,242814,1334571.81,5235.223693
7/20/2015,278.26,112440,216715,2502265.57,9552.727223
7/21/2015,278.97,123367,240028,2083742.551,7833.427037
7/22/2015,277.54,147520,270355,2490978.024,8225.144358
7/23/2015,276.64,111582,207134,2030312.575,7273.632872
7/24/2015,287.3,109852,217981,3887226.083,6843.300812
7/25/2015,287.12,106038,201269,2821464.943,6113.291805
7/26/2015,292.33,89650,244803,1633205.212,5646.596382
7/27/2015,290.79,111331,229418,2693970.016,9027.937927
7/28/2015,295.24,117412,240969,3886676.369,7995.085646
7/29/2015,290.7,136195,255290,2745024.716,10958.46418
7/30/2015,287.56,133697,247799,2745976.513,9840.646058
7/31/2015,284.78,133640,232699,2293641.883,10321.71029
8/1/2015,280.72,163175,275871,2084708.438,9974.887104
8/2/2015,280.69,98976,248553,1231691.557,6515.202207
8/3/2015,284.39,118560,226079,1780252.127,6951.06522
8/4/2015,285,132719,265834,1718770.864,9709.836137
8/5/2015,282.69,130246,250494,1847303.662,9735.999902
8/6/2015,277.1,132494,247781,1891671.654,9947.340796
8/7/2015,279.39,124658,242234,2555552.5,8282.84863
8/8/2015,269.89,104420,233508,2251104.136,6218.845596
8/9/2015,265.42,88425,218499,2590061.866,4897.430329
8/10/2015,264.07,110686,220994,2729155.286,7043.813468
8/11/2015,265.85,116923,227498,1851465.456,7087.555093
8/12/2015,267.89,115754,232055,2902827.011,6749.030605
8/13/2015,265.97,118336,226126,2601765.979,6726.896056
8/14/2015,266.99,107950,220370,2537895.246,6306.633954
8/15/2015,265.41,106119,245458,1279542.147,5997.577221
8/16/2015,257.47,86583,228284,19040492.33,4710.491517
8/17/2015,257.47,86583,228284,19040492.33,4710.491517
8/18/2015,257.45,108249,230212,13641622.23,5801.016315
8/19/2015,253.91,120131,244699,22342291.48,6545.818173
8/20/2015,233.29,122864,247961,60726602.77,5780.009667
8/21/2015,233.23,116834,222182,22690278.75,5862.193905
8/22/2015,233.59,116311,235230,14567269.83,5521.507897
8/23/2015,226.04,107795,259239,17528714.37,5191.944593
8/24/2015,228.68,93783,247407,13017080.07,4673.776338
8/25/2015,213.24,117026,237850,42854460.01,5288.641004
8/26/2015,222.02,125060,245539,44792175.95,5698.83781
8/27/2015,228.84,125549,243215,22356486.11,5876.516501
8/28/2015,228.27,116334,232198,13832635.27,5381.60549
8/29/2015,234.17,121692,243840,21397486.82,5640.51606
8/30/2015,228.22,113722,250584,10728935.6,5249.531133
8/31/2015,226.47,92338,229116,11559447.75,3989.1402
9/1/2015,230.94,117985,238504,12988337.13,5783.20306
9/2/2015,228.32,140970,272866,14592340.48,6585.02683
9/3/2015,230.68,137743,230707,13926552.56,10180.62677
9/4/2015,227.42,137446,249811,14833269.03,8288.543664
9/5/2015,230.8,95408,209983,14833269.03,5064.154035
9/6/2015,234.67,137427,284893,13114911.12,7525.513959
9/7/2015,240.2,106101,253777,17614944.57,5266.463043
9/8/2015,241.31,119041,238459,13634833.31,6271.138583
9/9/2015,243.08,126751,280276,18933607.04,6896.593619
9/10/2015,240.08,128619,265428,16863801.29,6339.722661
9/11/2015,239.68,122783,235288,15217779.75,6882.832663
9/12/2015,239.93,165288,252398,11412582.9,6956.705312
9/13/2015,235.13,153538,258271,12692491.31,8886.712055
9/14/2015,229.86,139320,279964,12673625.1,5842.28768
9/15/2015,230.88,163531,234525,15398001.85,6975.362671
9/16/2015,230,165993,263932,13939823.87,6840.607622
9/17/2015,227.86,169059,261990,13866113.7,6183.903783
9/18/2015,234,241346,250985,14329545.3,6136.971736
9/19/2015,232.99,188330,273195,13521375.39,6191.563012
9/20/2015,230.71,117999,230379,9200032.637,5243.509183
9/21/2015,230.2,105933,264443,9504293.699,4719.72212
9/22/2015,226.56,124667,285612,13192196.61,6070.157112
9/23/2015,229.43,136822,327724,19233663.34,6132.034122
9/24/2015,229.95,134964,250674,11733627.16,6415.775719
9/25/2015,233.9,124822,239053,16891696.65,5675.69308
9/26/2015,235.79,130740,255255,15237774.66,6395.930381
9/27/2015,232.85,107256,251247,9085345.59,4886.808301
9/28/2015,238.94,130885,246314,16033418.71,6210.942628
9/29/2015,237.68,139440,267985,16626431,6166.313811
9/30/2015,237.91,141351,272223,13305335.48,6698.239143
10/1/2015,238.98,135885,247211,14408622.84,7059.831271
10/2/2015,237.78,135941,254192,13003388.16,5857.142667
10/3/2015,239.17,132880,234800,11745113.26,5946.605108
10/4/2015,239.47,100858,261675,8661867.053,4505.639458
10/5/2015,239.22,117528,226632,16040473.22,5345.480745
10/6/2015,246.67,142346,249199,21651521.51,5869.09247
10/7/2015,245.25,139516,239250,16009447.91,6585.732251
10/8/2015,243.91,139590,265540,12400136.01,6441.206925
10/9/2015,244.78,119490,211096,10510717.75,5757.350291
10/10/2015,245.79,128618,278854,10246396.13,6266.500688
10/11/2015,248.08,105878,234919,8756660.462,4912.275903
10/12/2015,246.63,126927,232117,12046436.79,5857.401124
10/13/2015,249.58,133757,235683,20041053.45,6319.738443
10/14/2015,254.6,136259,228578,18384897.43,6623.100338
10/15/2015,254.73,157228,307247,16600191.71,7470.929289
10/16/2015,262.31,143885,275882,25643112.13,7149.932494
10/17/2015,269.07,139308,313859,32045899.66,7641.031375
10/18/2015,262.44,120858,274902,16433851.55,6065.484
10/19/2015,262.44,120858,274902,16433851.55,6065.484
10/20/2015,264.16,136583,266086,16059630.12,7105.968793
10/21/2015,269.8,138080,290886,20533408,8052.309627
10/22/2015,269.1,161031,309724,17489825.3,8323.192289
10/23/2015,273.95,149891,289944,25322556.83,8018.246659
10/24/2015,277.43,146222,281281,20969687.93,7812.095135
10/25/2015,279.9,140827,323968,15134081.82,8010.319508
10/26/2015,295.01,128209,278147,34299506.03,7138.311282
10/27/2015,284.95,126041,277058,23638781.23,7205.54406
10/28/2015,294.73,141609,282636,32420944.14,8853.505091
10/29/2015,298.95,154774,274092,37507904.68,8660.416889
10/30/2015,310.36,165622,297971,45043648,10393.67532
10/31/2015,329.2,164938,298795,55263289.91,10933.42867
11/1/2015,310.92,155292,318120,37428890.45,8818.100644
11/2/2015,311.5,156648,305108,25642526.91,8603.239357
11/3/2015,340.69,159656,298505,70310557.42,10535.29884
11/4/2015,409,178027,360192,171565483.3,13459.59505
11/5/2015,437.05,211121,392233,240097870.2,20331.08837
11/6/2015,400,189326,374641,144544320.1,14260.12029
11/7/2015,388.38,165214,354664,104939430.6,12629.43475
11/8/2015,387.38,161595,317500,41397271.71,10554.66087
11/9/2015,381.51,134785,333196,34651606.97,9225.355809
11/10/2015,378.8,152795,310788,49017974.28,10692.01809
11/11/2015,353.58,154030,295638,78245096.35,9676.743588
11/12/2015,309.9,171159,340384,92221766.36,9385.128959
11/13/2015,331.6,154219,301266,56103254.63,8471.393563
11/14/2015,332.2,156988,299301,35918626.09,8716.190031
11/15/2015,331.9,156065,348007,23982824.1,8308.530912
11/16/2015,322.33,138467,301039,34851429.84,7281.41888
11/17/2015,329.32,150942,310746,28628567.52,8519.282519
11/18/2015,335.95,158254,321631,32793891.71,8939.391335
11/19/2015,334.46,168587,328378,25422981.21,9584.311253
11/20/2015,329,154561,297379,28290931.15,8393.549187
11/21/2015,320.62,155128,298609,35862566.28,8236.080689
11/22/2015,325.56,158852,334688,14198539.91,8206.744289
11/23/2015,322.33,126564,265164,11258958.92,7183.817201
11/24/2015,324.49,142698,324317,13615387.41,8278.232586
11/25/2015,321.1,150056,307413,16374683.09,8009.860458
11/26/2015,325,152463,307690,25111070.3,8313.613864
11/27/2015,348,164730,319759,73195270.68,10156.53637
11/28/2015,359.54,156739,284894,40156994.3,9139.056343
11/29/2015,353.88,171602,349162,21634897.78,9910.398748
11/30/2015,363.98,130758,269023,23486321.7,7873.125184
12/1/2015,372.53,172183,384237,51791731.6,12010.55656
12/2/2015,359.32,184404,365897,44265192.67,11737.3255
12/3/2015,360.98,177277,339855,34787805.36,11343.55304
12/4/2015,362.49,170317,317811,32249807.7,11302.94156
12/5/2015,377.72,200213,426997,40058592.29,12356.46486
12/6/2015,390.04,179777,374142,58053909.74,11731.34523
12/7/2015,390.04,179777,374142,58053909.74,11731.34523
12/8/2015,395.58,185788,340611,40437811.3,12751.47051
12/9/2015,394.99,192097,374956,22999694.48,12684.59478
12/10/2015,414.01,222503,414210,67053317.64,15458.29016
12/11/2015,415.64,211452,403387,31321399.1,14673.82323
12/12/2015,444.29,211198,387377,76154164.29,17607.23567
12/13/2015,426.06,211456,457574,107032617.8,17885.29843
12/14/2015,438.79,186151,381029,39287495.89,14483.62556
12/15/2015,445.6,221499,423138,108826070.4,17595.24925
12/16/2015,459.48,227706,392348,55276209.29,18103.01566
12/17/2015,454.43,222531,411804,85536938.66,17788.54093
12/18/2015,453.39,219600,395053,30852734.19,16878.90685
12/19/2015,458.95,214387,383932,37926164.81,17405.64608
12/20/2015,461.16,216944,427602,29418082.56,16572.66321
12/21/2015,434.98,191441,363933,54181213.77,14171.02856
12/22/2015,438.7,222112,451443,52315624.45,17786.95804
12/23/2015,435.98,223130,391920,30613418.73,16683.97458
12/24/2015,441.4,221289,409651,28293611.22,17629.36818
12/25/2015,453.95,227189,410857,35843916.06,18282.39469
12/26/2015,454.98,184124,329540,19787454.91,13859.72969
12/27/2015,417.99,170904,347238,91276222.44,12053.22068
12/28/2015,418.46,156554,341200,31955095.32,11294.45297
12/29/2015,423.98,166837,314685,32740834.45,12778.97452
12/30/2015,431.13,187040,343081,30691408.03,13828.10644
12/31/2015,428,181836,342062,30700004.84,13565.08211
1/1/2016,429.34,164132,310331,28540927.02,11653.80405
1/2/2016,432.33,123623,232199,20406959.21,8532.329863
1/3/2016,433.94,142904,334703,15069490.92,12947.00865
1/4/2016,428.13,141064,295177,23322149.8,10210.52442
1/5/2016,433,170176,363742,21949458.69,12575.65887
1/6/2016,431.9,187012,365051,20487753.08,14363.46399
1/7/2016,430.75,177478,338929,19156844.98,13004.26578
1/8/2016,453.71,177873,326219,58478075.98,15470.75399
1/9/2016,447.04,190001,366508,41191540.31,16001.92701
1/10/2016,450.15,178374,371151,17656850.6,13351.36343
1/11/2016,446.24,164687,363228,20063783.12,12869.74226
1/12/2016,447.11,179771,365605,25254134.41,15174.29718
1/13/2016,446.66,196656,372889,20987190.76,15492.48301
1/14/2016,429.57,191628,341119,45901744.12,14668.947
1/15/2016,431.9,183390,354601,19112138.8,14009.9557
1/16/2016,391.62,185105,344968,116205455.8,13927.81486
1/17/2016,370.4,190301,393797,71683286.48,12989.14862
1/18/2016,385.45,192731,447783,25665045.63,13154.10601
1/19/2016,385.28,213934,395421,25780217.13,14872.10519
1/20/2016,378.66,205735,382142,25270093.76,15193.19567
1/21/2016,408.33,196033,387569,78165567.75,18931.13314
1/22/2016,408,210240,406195,37002467.86,18348.41191
1/23/2016,385.7,226106,413921,59059297.6,19454.47648
1/24/2016,388.5,200913,435226,24905687.73,16303.4899
1/25/2016,404.75,193572,383842,26166918.65,15019.24922
1/26/2016,387.09,210592,404020,27947836.81,17254.47935
1/27/2016,394.12,236175,462802,23253230.33,18698.14781
1/28/2016,394.45,226385,414610,17463880.69,18791.56047
1/29/2016,382.44,231454,445935,30483418.71,19154.12625
1/30/2016,377.26,222622,424226,54312432.2,17119.68565
1/31/2016,378.24,209984,428332,14343796.75,16587.40635
2/1/2016,376.86,168625,384209,17760429.8,11877.38109
2/2/2016,372,221764,437884,28865406.81,18982.54676
2/3/2016,373.48,231998,451155,19943929.1,21554.83504
2/4/2016,368.38,200087,388710,23767287.74,17982.07681
2/5/2016,385.06,201065,399236,41655064.81,15886.70164
2/6/2016,386.49,215910,393084,24231098.31,15864.67968
2/7/2016,373.04,232752,441758,30866009.85,15752.6351
2/8/2016,373.74,212134,452004,15640570.8,14442.43925
2/9/2016,375.8,220559,396540,24531012.2,15371.34943
2/10/2016,372.61,230799,429776,21330382.48,15823.35947
2/11/2016,378.98,233941,396665,36978851.33,16859.30104
2/12/2016,376.75,227463,429313,26042971.82,16706.86851
2/13/2016,381.46,202906,392638,22212756.83,15213.27522
2/14/2016,388.6,190560,407580,18777635.92,14300.53135
2/15/2016,402.38,188927,390085,30702017.31,13934.87396
2/16/2016,402.64,207397,424653,34078398.84,16180.83791
2/17/2016,406.69,218780,424752,28047318.68,17000.56196
2/18/2016,418.04,227403,436155,39099468.23,18709.77232
2/19/2016,418.97,212765,416530,32029699.84,17882.18865
2/20/2016,418.02,215552,411494,22201850.36,19361.9314
2/21/2016,439.48,225259,440841,49142940.24,18938.1167
2/22/2016,434.67,209276,399688,45001750.17,17672.21837
2/23/2016,438.5,224964,469044,25463328.11,19088.98802
2/24/2016,417,246578,464117,41312427.13,20106.63025
2/25/2016,423.1,225112,411081,29085738.81,19003.85778
2/26/2016,421.4,218699,412050,22095111.4,20093.50726
2/27/2016,424.34,209880,404307,24487221.79,18309.6804
2/28/2016,432,182423,378857,18649773.62,16506.51361
2/29/2016,433.47,224697,412223,22184549.44,18474.39184
3/1/2016,436.18,265695,470332,31357633.08,23314.92034
3/2/2016,431.87,260619,451258,30939871.91,24184.10552
3/3/2016,429.99,276448,483756,26429723.25,33258.00787
3/4/2016,421.44,221257,410737,33471079.53,30648.9952
3/5/2016,416.48,212104,419365,32002741.3,21909.46559
3/6/2016,401,238117,422768,50904367.53,25276.29187
3/7/2016,408.86,171486,312335,24330044.91,16820.82647
3/8/2016,411.94,183530,372418,25774187.79,18180.50091
3/9/2016,412.39,193929,363851,21813407.6,18120.60586
3/10/2016,413.1,187623,330958,19572952.01,21731.2441
3/11/2016,416,192611,374551,24022113.59,18069.16403
3/12/2016,421.22,193874,352895,25307656.14,17363.92813
3/13/2016,412.44,141116,310285,14705841.44,12088.62924
3/14/2016,413.89,187401,393384,20282050.79,18144.80289
3/15/2016,414.78,197677,367761,20597238.34,17713.75039
3/16/2016,414.78,197677,367761,20597238.34,17713.75039
3/17/2016,415.99,215973,369886,19419077.22,20014.72284
3/18/2016,418.64,206973,394142,18657007.43,19368.16081
3/19/2016,408.87,203578,364177,28073923.85,17412.11448
3/20/2016,405.59,188863,350288,15007027.57,15438.80928
3/21/2016,410.77,175963,352210,13576322.23,13495.16351
3/22/2016,410.49,189228,375082,18209312.25,15866.98452
3/23/2016,415.35,210488,399764,21365652.99,18169.71353
3/24/2016,417.8,187877,322191,16895793.79,16171.25299
3/25/2016,416.47,194985,381250,17536542.09,16216.26694
3/26/2016,416.44,173609,326933,14830264.68,14043.46952
3/27/2016,415.71,162398,323407,12371345.84,14423.4019
3/28/2016,426.8,161486,310868,25434491.62,14244.5312
3/29/2016,422.96,181300,349278,19238321.79,17986.35264
3/30/2016,414,191841,341678,30415319.92,21413.64011
3/31/2016,412.35,207906,402557,19975338.11,21955.77505
4/1/2016,416.94,208976,337655,18808489.14,18558.37492
4/2/2016,416.25,203811,332670,16409420.63,19168.60246
4/3/2016,418.07,196651,394636,13685333.03,23486.85437
4/4/2016,418.07,176722,334761,10626132.64,18710.00051
4/5/2016,418.99,200979,404374,15550675.15,18316.40843
4/6/2016,421.77,216684,395942,18164095.99,20774.19541
4/7/2016,421.09,218585,390324,15707133.79,18940.46381
4/8/2016,420.33,219915,372004,17028964.22,24794.22173
4/9/2016,422.2,215441,370187,20186636.24,18411.51175
4/10/2016,417.73,207555,375080,12511808.48,15941.94225
4/11/2016,421.63,181662,320083,9701992.495,13999.14709
4/12/2016,420.69,217378,414497,15796771.15,19752.49595
4/13/2016,425.89,240200,413984,25818110.24,21347.53019
4/14/2016,424.61,222711,355716,16364789.57,19280.63536
4/15/2016,423.76,230281,415731,12971709.87,19595.41398
4/16/2016,429.09,216850,367142,22879890.52,19626.97912
4/17/2016,429.43,192621,357397,13788621.11,15773.44238
4/18/2016,425.71,191478,351044,12692790,14285.93495
4/19/2016,427.28,203165,398662,17694903.86,18954.02385
4/20/2016,435.91,227795,389402,17920859.94,18563.06086
4/21/2016,442.34,216780,371250,35503227.43,19115.75482
4/22/2016,451,212795,401733,29501269.42,19312.3624
4/23/2016,447.25,210976,359204,23844241.72,19092.54057
4/24/2016,451.29,185216,366327,16802671.91,14960.70135
4/25/2016,459.4,183155,376201,29353633.46,15283.6199
4/26/2016,463.86,217564,407004,36817995.51,20084.42841
4/27/2016,467.98,250744,436154,34854624.6,158063.2392
4/28/2016,447.31,239435,392821,42654741.36,20626.13494
4/29/2016,450,247958,374956,38051508.65,22329.15526
4/30/2016,456.16,261884,426515,21063414.66,22771.31899
5/1/2016,447.17,215712,371890,17046473.34,18279.96585
5/2/2016,451.9,191430,370083,10517715.54,15591.82031
5/3/2016,443.9,223785,391943,34283316.48,20033.91699
5/4/2016,450.96,235609,374677,23866897.41,20233.80088
5/5/2016,447.37,233693,394207,18922797.28,21103.2721
5/6/2016,448.51,229580,374537,19214683.74,19849.42326
5/7/2016,460.91,233232,375533,32475379.45,20519.50671
5/8/2016,459.04,202062,337042,15060351.77,17267.632
5/9/2016,457.82,185562,349946,12940418.12,15648.80804
5/10/2016,461.63,226451,405580,23824164.12,18680.06448
5/11/2016,450,245721,405856,28095275.36,21645.83579
5/12/2016,452.51,234412,383199,20927427.5,20763.72321
5/13/2016,454.7,228409,377121,22652718.67,21258.31171
5/14/2016,456.82,232146,378733,15841283.88,21736.48646
5/15/2016,455.65,211280,369111,10458258.43,21872.65022
5/16/2016,457.08,200171,353892,9548354.609,20849.06235
5/17/2016,454.88,239809,424856,17875806.65,27527.37464
5/18/2016,452.89,238626,393224,16508087.61,26467.28679
5/19/2016,452.9,235084,412831,14866087.64,26389.62999
5/20/2016,441.87,219146,372460,26518499.39,24298.29413
5/21/2016,441.25,209396,354677,25045661.43,22762.42319
5/22/2016,443.89,191461,354128,11310985.63,25224.77795
5/23/2016,438,184348,338084,12185445.88,18924.97348
5/24/2016,442.17,222755,414216,16267423.84,24202.81646
5/25/2016,445.34,246517,406728,15674746.77,26511.68974
5/26/2016,447.94,247844,397464,17482963.79,26820.961
5/27/2016,452.49,220093,364137,16430495.24,25184.01695
5/28/2016,470.29,215296,407566,62133880.56,33339.84254
5/29/2016,522.43,193054,377266,68432471.56,27344.93141
5/30/2016,512.16,178742,354651,72487384.55,24576.23665
5/31/2016,525.15,211369,403738,41187985.58,30380.95745
6/1/2016,531.15,215249,392767,59032595.97,27799.98967
6/2/2016,539.47,234385,405301,34219344.82,30310.10999
6/3/2016,539.99,231099,392655,26922628.86,31608.42114
6/4/2016,568,234669,402066,60092817.48,31067.65164
6/5/2016,573.74,196665,368869,45168189.8,26646.61579
6/6/2016,574.02,190528,368586,30675648.7,25465.8901
6/7/2016,584.5,221171,414350,34509545.46,30475.57566
6/8/2016,577.54,248576,424994,47316934.32,32637.0617
6/9/2016,578.68,229933,401953,28300189.16,29171.15447
6/10/2016,575.2941375,236353,426447,30222288.21,30704.81682
6/11/2016,577.549875,228367,407301,24377615.47,30602.57487
6/12/2016,594.4399875,213159,374995,24538115.33,27711.10434
6/13/2016,664.8465,210711,411623,143472595.5,34932.23097
6/14/2016,702.0665,251354,451922,146971122.8,27333.37472
6/15/2016,685.24,247632,420352,84746672.71,47821.1
6/16/2016,692.28,262510,445830,48065817.39,58799.17
6/17/2016,762.43,267870,471278,169439516.7,63186.55
6/18/2016,743.91,253752,453509,128874495.6,58817.56
6/19/2016,754.36,236291,423334,85041797.51,53689.14
6/20/2016,760.81,218298,414283,40868096.62,48372.96
6/21/2016,729.19,249334,465928,36207387.18,57110.04
6/22/2016,665.95,248164,468641,149642818.4,51262.51
6/23/2016,587.45,235641,422909,106868002.1,46521.61
6/24/2016,624.54,241300,431633,145480129.3,47124.46
6/25/2016,660.6,238888,437104,117308802.5,49109.82
6/26/2016,664.9,210998,409197,64948673.82,41508.38
6/27/2016,627.39,183755,388840,50909007.76,34404.94
6/28/2016,646.7,217029,379861,59731341.43,40079.08
6/29/2016,646.37,213058,428929,55881769.63,37971.31
6/30/2016,637.95,224112,371774,68912927.9,39504.92
7/1/2016,671.4,231960,402792,66687600.54,42283.35
7/2/2016,675.18,210409,375377,61281896.96,39710.1
7/3/2016,701.71,198875,344995,45483640.65,37290.97
7/4/2016,658.41,177127,352911,57134569.79,30007.33
7/5/2016,676.32,213900,403350,33361880.2,37332.66
7/6/2016,666.48,214959,383808,31161665.02,37297.89
7/7/2016,673.78,214691,373956,27360174.45,37648.65
7/8/2016,636.35,216812,364414,93994828.71,36120.53
7/9/2016,659.55,210701,363919,46643049.37,37899.62
7/10/2016,651.86,185405,355380,78574448.68,30883.73
7/11/2016,648.09,162608,325550,28357316.1,25057.02
7/12/2016,647.98,218089,395742,26402272.48,37267.31
7/13/2016,672.76,219034,379937,48343367.13,34693.7
7/14/2016,657.45,218093,367252,53026862.77,35233.5
7/15/2016,658.83,220655,367953,34318017.31,38613.99
7/16/2016,664.57,216081,367739,26928546.83,36841.47
7/17/2016,662.15,182192,356533,13030366.55,33605.55
7/18/2016,675.45,171013,330330,26346610.59,32557.41
7/19/2016,673.2,225827,384160,30616321.58,40361.58
7/20/2016,672.84,222146,373620,18855335.64,41824.04
7/21/2016,665.64,227429,378815,21835386.17,42831.11
7/22/2016,664.88,217606,364285,19396531.87,40177.41
7/23/2016,651.58,221404,368179,36015630.81,42281.48
7/24/2016,655.84,195796,332946,22033362.32,39272.68
7/25/2016,661.41,186521,352244,23219394.38,34057.56
7/26/2016,654.69,240533,394635,22293453.09,45728.93
7/27/2016,655.06,237673,403997,30492846.55,46327.77
7/28/2016,654.98,235603,372678,27438393.38,49136.91
7/29/2016,655.32,236946,393901,16449698.25,47474.69
7/30/2016,656.88,231414,358940,16612345.86,47624.67
7/31/2016,654.73,199484,364415,11399491.45,43021.93
8/1/2016,628.01,192254,344751,38521947.4,45307.67
8/2/2016,606.32,225049,402353,39937694.38,44275.62
8/3/2016,515.06,252252,412309,57403494.65,49378.32
8/4/2016,565.05,245549,403778,48103787.92,43252.44
8/5/2016,577.31,231835,387986,24001987.5,40052.17
8/6/2016,576.55,228244,381030,16566325.51,42991.55
8/7/2016,588.23,196551,342340,24272426.91,35314.51
8/8/2016,594.27,192414,345480,20475426.29,39694.65
8/9/2016,592.69,236291,411266,15361103.59,52364.13
8/10/2016,588.77,233704,393099,15780612.33,45482.48
8/11/2016,592.18,245581,417668,34991566.07,44590.98
8/12/2016,589.24,254515,408263,26073725.34,47288.4
8/13/2016,587.75,232973,389496,15437752.07,41360.39
8/14/2016,586.43,217257,367024,11882577.72,37180.24
8/15/2016,570.97,200577,360393,15817470.27,35099.89
8/16/2016,570.14,202896,384259,19039255.2,38648.62
8/17/2016,581.11,256447,413844,20633789.33,48554.06
8/18/2016,575.51,238003,394403,21788909.85,42161.94
8/19/2016,576.03,239541,405409,24259885.2,43766.5
8/20/2016,576.65,246095,403011,15567926.13,46316.76
8/21/2016,583.2,210352,400866,16537121.82,35966.96
8/22/2016,582.82,184904,357816,15404607.04,29400.11
8/23/2016,588.97,229801,409008,19463587.59,38861.26
8/24/2016,586.18,239021,398308,19520117.27,39516.27
8/25/2016,582.84,237956,409928,17189751.05,38135.38
8/26/2016,579.86,234009,390942,18023876.4,37308.91
8/27/2016,581.07,226767,383173,12305907.42,36096.45
8/28/2016,571.54,191098,364840,11038371.15,31521.6
8/29/2016,576.53,174489,330360,6969155.03,28093.07
8/30/2016,575.22,225282,386989,13006720.33,37004.69
8/31/2016,578.61,254486,419511,15352375.32,39542.12
9/1/2016,574.82,226377,392551,15333990.49,36031.47
9/2/2016,572.81,238207,384065,14999479.54,36446.78
9/3/2016,576.21,225856,389622,15043105.56,33260.97
9/4/2016,600.88,182204,358536,40400922.25,31408.1
9/5/2016,610.59,183244,347566,22587938.84,28683.08
9/6/2016,608.1,227683,422792,22519218.62,38609.83
9/7/2016,611.09,232118,416403,14155539.59,37238.26
9/8/2016,614.46,250809,400704,16922951.23,39478.48
9/9/2016,627.77,227006,399896,21304907.48,37564.41
9/10/2016,625.07,222094,379259,16550749.95,40183.97
9/11/2016,625.76,193320,355122,13826608.28,32154.54
9/12/2016,608.15,180391,373779,19748109.56,28946.02
9/13/2016,609.67,208649,401012,24913919.86,34173.6
9/14/2016,610.92,241215,404798,32818905.11,41984.34
9/15/2016,612.08,231800,388645,15168677.68,38286.01
9/16/2016,610.38,233488,397310,11891587.39,36564.51
9/17/2016,609.11,213142,377920,12836700.34,39391.03
9/18/2016,608,215529,376568,8953094.94,35060.67
9/19/2016,611.58,191603,369331,9289978.56,32559.04
9/20/2016,610.19,223540,399754,12354975.67,40299.08
9/21/2016,609.74,247987,419627,13349846.12,42277.38
9/22/2016,598.88,239216,408180,20607535.08,38849.77
9/23/2016,597.42,231227,391223,12923838.33,37435.46
9/24/2016,604.22,223187,389323,12358708.78,36258.01
9/25/2016,603.88,210510,369379,6905876.28,35867.01
9/26/2016,601.74,197298,374974,6562797.42,30018.41
9/27/2016,608.14,230769,430205,14621404.89,36865.54
9/28/2016,605.96,243008,425011,12980365.42,38434.98
9/29/2016,605.67,234995,433852,9494530.32,39132.1
9/30/2016,606.36,242730,440834,12937983.99,41513.03
10/1/2016,609.39,250943,442960,12885196.88,41820.63
10/2/2016,614.82,213930,391458,7094655.17,36068.08
10/3/2016,610.51,192683,396449,9087020.02,32570.7
10/4/2016,611.85,260813,469732,11646426.4,46374.41
10/5/2016,609.62,264662,477181,12709516.17,43389.51
10/6/2016,612.35,266811,470499,11326509.25,44649.57
10/7/2016,612.08,274486,497719,10859575.08,47728.73
10/8/2016,617.21,268419,471181,15826419.3,45091.12
10/9/2016,618.04,250672,439803,7779460.19,41907.55
10/10/2016,615.65,210548,410522,6954834.42,35878
10/11/2016,617.54,224774,421619,13372142.53,42296.78
10/12/2016,639.3,263565,444786,29027519.15,51765.57
10/13/2016,635.01,235664,400579,14634705.6,44008.04
10/14/2016,635.96,229703,400731,14355952.05,42783.63
10/15/2016,639.56,239724,423263,12472092.76,43619.1
10/16/2016,637.94,210448,384627,6525990.94,40039.36
10/17/2016,641.42,197876,383032,6985758.74,37076.17
10/18/2016,638.18,237232,435282,15611329.76,46292.05
10/19/2016,636.29,251521,435277,14579936.51,49355.05
10/20/2016,629.25,201025,406991,20346645.9,39825.4
10/21/2016,630.22,270380,415474,12216884.5,56514.57
10/22/2016,631.92,265355,453739,16705327.88,48338.88
10/23/2016,655.48,216708,392804,22686988.34,44243.56
10/24/2016,653,191578,376683,11562593.89,44466.48
10/25/2016,651.39,226980,433234,17690445.87,53149.62
10/26/2016,655.31,237030,432977,23862151.32,65181.3
10/27/2016,672.22,225924,431781,32748237.89,84297
10/28/2016,682.22,326388,457806,26863753.64,76108.16
10/29/2016,687.68,250876,434269,22221917.84,56748.55
10/30/2016,714.89,229689,416457,29728643.8,52426.65
10/31/2016,698,209337,360327,21222263.79,44319.17
11/1/2016,702,241778,458880,23116856.38,53794.58
11/2/2016,728.2,246650,446989,41882993.08,57930.91
11/3/2016,733.33,268418,461830,24177015.54,58839.31
11/4/2016,686.17,273338,457533,56296677.02,54663.4
11/5/2016,703.69,248043,453192,29358873.29,59713.46
11/6/2016,704.79,242032,426001,14017411.02,52860.33
11/7/2016,712,228420,429823,15385463.92,51302.19
11/8/2016,703.81,274281,483846,13568019.08,64349.7
11/9/2016,708.97,296060,503015,21720391.23,63535.53
11/10/2016,720.93,270095,474975,40308934.74,60667.17
11/11/2016,713.69,271374,474281,18345512.55,58828.7
11/12/2016,715.45,254619,444226,14008613.89,52065.08
11/13/2016,703.71,228886,450559,13568553.68,46356.72
11/14/2016,701.9,221328,411263,19900672.85,44437.7
11/15/2016,706.46,270506,486756,20324888.37,56142.37
11/16/2016,710.91,280352,514795,22288622.3,58027.08
11/17/2016,736.91,291186,494246,44865031.15,59006.83
11/18/2016,736.96,277460,484633,36131321.21,65570.15
11/19/2016,747.52,275925,488365,22349404.15,62564.85
11/20/2016,750.03,249760,476358,15115192.24,54346.55
11/21/2016,729.06,246537,438202,26489236.67,53800.79
11/22/2016,738.53,287414,490392,18741837.41,70565.53
11/23/2016,748.74,285635,515387,25591017.7,75933.68
11/24/2016,741.63,276924,505599,19866229.88,80623.34
11/25/2016,737.45,333466,489272,16755125.57,101154.12
11/26/2016,739.78,315387,523079,14432748.7,102231.03
11/27/2016,733.67,279374,481755,12319132.96,75125.33
11/28/2016,727.96,237389,454515,11359826.8,58660.41
11/29/2016,733.05,298530,515310,17786517.74,80156.94
11/30/2016,732.71,294140,506247,18774731.95,74956.15
12/1/2016,742.69,292654,500015,21330877.48,73650.25
12/2/2016,752.24,239682,485327,26804422.49,77382.51
12/3/2016,772.43,318263,513735,33314155.04,93878.44
12/4/2016,764.33,287988,492197,15079718.4,77275.43
12/5/2016,764.81,245650,457491,11710058.47,70908.95
12/6/2016,754.63,278001,548221,26745481.44,80234.83
12/7/2016,756.62,319762,540804,20977699.21,90287.85
12/8/2016,766.11,311361,539249,23775580.35,82576.61
12/9/2016,769.72,282711,500354,18396293.92,73911.51
12/10/2016,770.02,268815,465342,16139725.07,74201.93
12/11/2016,773.4,250241,454665,11258173.04,67129.09
12/12/2016,768.3,232844,439143,10790493.55,59427.24
12/13/2016,777,268662,498688,19721035.41,72345.24
12/14/2016,778.49,291757,498359,20077997.9,76116.78
12/15/2016,774.89,286328,495472,14993051.05,73438.2
12/16/2016,776.75,282685,479430,15357872.53,78065.94
12/17/2016,781.56,279361,495266,17973313.88,76458.06
12/18/2016,788.7,239034,458680,17068492.25,64594.99
12/19/2016,788.4,235789,418498,10243644.93,63873.34
12/20/2016,789.52,284852,508681,15301931.73,82824.88
12/21/2016,793.09,296473,508908,19671152.56,80985.75
12/22/2016,824.21,325677,540310,44854043.02,94960.25
12/23/2016,860.59,314644,528878,54177733.57,91348.1
12/24/2016,901.31,304997,522516,71128607.54,90748.44
12/25/2016,891.61,240820,420206,36632649.45,74754.32
12/26/2016,886.9,199614,353857,31411463.34,56026.75
12/27/2016,897.33,244914,448557,30528384.49,79479.53
12/28/2016,930.37,296546,509115,36349743.36,92964.04
12/29/2016,967.48,305394,514772,58947752.62,101994.27
12/30/2016,963.38,304605,512156,49469080.76,103782.2
12/31/2016,952.15,286818,496024,55218054.01,95701.05
1/1/2017,959.87,250273,449831,20372836.66,79307.68
1/2/2017,997.72,180502,355324,33991911.05,65352.83
1/3/2017,1015.97,293682,529708,57597031.98,116470.06
1/4/2017,1023.14,301664,515023,41550985.51,121327.72
1/5/2017,1126.76,330164,545635,143134274.6,222453.85
1/6/2017,994.67,288501,495909,208498259.8,114531.97
1/7/2017,883.09,346405,562749,134165115.2,113153.75
1/8/2017,896.83,284719,503340,97175659.27,96609.39
1/9/2017,908.14,260101,455738,55303632.48,83660.1
1/10/2017,894.18,269947,475571,41076985.16,91841.33
1/11/2017,906.05,323888,541167,31485218.71,109311.71
1/12/2017,785.22,303058,491692,131253668.4,87793.92
1/13/2017,803.37,297756,483077,76636270.25,85509.46
1/14/2017,826.29,275149,466560,55509952.11,81080.01
1/15/2017,817.91,242269,446468,27475928.3,70814.23
1/16/2017,822.2,235999,417278,15757955.97,67484.78
1/17/2017,830.5,267640,473646,22109924.9,86033.8
1/18/2017,903.84,292697,502461,66791560.4,98890.22
1/19/2017,874.99,298751,500305,51289482.24,95262.66
1/20/2017,895.79,300605,516338,43734448.33,101146.04
1/21/2017,893.62,298377,516009,27016866.76,94113.03
1/22/2017,920.44,263562,484668,31572727.7,87410.27
1/23/2017,918.6,236886,428797,41096750.85,79971.44
1/24/2017,922.07,236692,426712,24607895.53,101569.93
1/25/2017,890.32,278177,497858,43906538.86,127281.03
1/26/2017,893.04,305961,514638,29651242.14,121029.08
1/27/2017,915.95,317904,518118,26226846.7,114661.78
1/28/2017,919.27,263332,462950,24900535.15,104654.49
1/29/2017,920.31,246395,461291,12103240.45,112560.71
1/30/2017,915.93,241627,438727,8485259.81,109453.85
1/31/2017,921.17,250829,449341,14680425.28,126212.81
2/1/2017,964.7,307683,523036,50109300.35,140406.11
2/2/2017,979.7,350560,599052,35717457.43,151807.39
2/3/2017,1007.61,259559,452585,49171054.91,143353.57
2/4/2017,1013.02,323563,560374,54515239.48,164532.68
2/5/2017,1030.99,286326,500098,43595760.47,143854.13
2/6/2017,1014.83,292101,510277,32909742.49,137894.54
2/7/2017,1024.01,230027,440409,27544311.11,158416.13
2/8/2017,1050.11,325268,557390,40471212.35,179379.92
2/9/2017,1052.37,308316,516490,63366305.51,164672.17
2/10/2017,976.1,346544,575007,141974564.6,170353.6
2/11/2017,999.1,304456,507435,64475260.19,140731.19
2/12/2017,1008.84,262686,474676,29598254.94,117314.16
2/13/2017,1000.6,238182,422084,14753502.29,102392.26
2/14/2017,999.87,288290,503160,29689012.94,136524.86
2/15/2017,1011.78,315084,530239,39199176.35,142796
2/16/2017,1012.32,294786,495896,22919392.2,135912.16
2/17/2017,1035.2,285329,489189,41105343.5,177218.59
2/18/2017,1055.53,319767,550072,50584844.5,175596.07
2/19/2017,1056.63,288149,510385,29732832.51,162538.44
2/20/2017,1052.77,251721,458998,18054662.29,136757.35
2/21/2017,1084.75,282728,503952,32526100.41,175137.82
2/22/2017,1123.78,279090,487720,67820657.92,187373.29
2/23/2017,1123.22,284024,489247,59657200.09,206584.26
2/24/2017,1172.01,325913,551454,70101141.96,250387.53
2/25/2017,1174.86,350751,590852,137557162.4,272240.89
2/26/2017,1150.6,326521,561871,44343352.24,219712.85
2/27/2017,1175.04,265203,462926,32750847.12,190522.13
2/28/2017,1190.75,284555,501496,39226303.27,233253.55
3/1/2017,1187.56,325414,542156,44954233.92,270230.99
3/2/2017,1222.49,315883,531642,60151968.37,282143.6
3/3/2017,1259.41,329428,565741,83439118.76,317553.33
3/4/2017,1285.14,337310,583122,64767014.96,334969.05
3/5/2017,1267.02,268875,489871,30448848.51,282289.39
3/6/2017,1270.93,280739,524842,27572866.81,276049.27
3/7/2017,1275.19,287731,537228,38898409.98,305465.43
3/8/2017,1238.44,327902,571328,102987980.7,333761.81
3/9/2017,1157.39,297108,526232,101928717.1,270964.07
3/10/2017,1192.46,303632,541481,64999435.16,282065.43
3/11/2017,1098.61,308482,551014,227913163.1,282188.05
3/12/2017,1179.15,280681,518975,82143460.83,255280.69
3/13/2017,1227.49,221110,422478,52464174.42,233444.02
3/14/2017,1239.81,273079,516184,67990532.02,272517.01
3/15/2017,1245.37,310395,561534,51575349.19,319715.47
3/16/2017,1257.39,292434,526478,48633668.48,297492.32
3/17/2017,1180.94,327034,594405,125468036.2,311535.94
3/18/2017,1091.17,292196,532933,145734375.2,266381.89
3/19/2017,952.23,263530,505650,167014110.8,204642
3/20/2017,1029.8,271239,512175,94921242.9,218556.66
3/21/2017,1049.08,277033,512637,58718869.96,251286.5
3/22/2017,1118.63,288055,541181,78169421.51,278348.68
3/23/2017,1028.72,320713,572753,97353030.79,274752.3
3/24/2017,1038.78,287871,537474,47857364.16,243809.61
3/25/2017,941.91,289521,540389,83342548.58,216870.2
3/26/2017,959.34,242975,490876,104602038.4,174323.28
3/27/2017,956.78,221915,468755,71646630.04,147075.38
3/28/2017,1037.22,232291,459507,79080569.24,201429.5
3/29/2017,1046.12,294001,553956,70342663.94,243693.42
3/30/2017,1040.57,283931,534779,61677763.73,221261.58
3/31/2017,1037.9,288788,521047,65011056.26,211540.66
4/1/2017,1079.54,259403,489451,75018988.16,234876.44
4/2/2017,1086.92,255871,502790,40562346.19,207895.79
4/3/2017,1099.16,244203,501562,59295644.25,199858.31
4/4/2017,1141.81,288141,564024,90396475.17,252360.44
4/5/2017,1141.6,256015,496730,67370298.17,228425.36
4/6/2017,1133.07,316555,577216,58001639.01,268458.85
4/7/2017,1196.3,290465,548639,92291084.78,266263.27
4/8/2017,1190.45,295463,542131,60427563.19,268825.27
4/9/2017,1181.14,226959,468193,31335396.14,203327.1
4/10/2017,1208.8,238286,489532,45470746.36,204747.24
4/11/2017,1207.74,275496,548200,41204040.55,241281.9
4/12/2017,1226.61,307893,582103,39985187.81,280398.26
4/13/2017,1218.92,278093,548651,41882984.88,261226.71
4/14/2017,1180.02,228679,449521,61700362.55,257639.5
4/15/2017,1185.26,290208,558990,43219939.69,283994.26
4/16/2017,1184.88,271976,520821,21547006.66,242681.72
4/17/2017,1186.92,211829,429263,19916836.26,192803.86
4/18/2017,1205.63,245184,469209,45260449.24,224067
4/19/2017,1216.18,303091,553138,51782316.24,279134.23
4/20/2017,1217.93,310104,566248,38464163.43,265578.46
4/21/2017,1241.68,269625,491206,61652281.02,297513.72
4/22/2017,1258.36,330354,612635,42287714.16,323937.71
4/23/2017,1261.31,268712,530089,47589977.23,243044.91
4/24/2017,1257.98,245039,490003,48203962.26,230042.78
4/25/2017,1262.9,222671,449880,39096538.33,237376.94
4/26/2017,1279.41,325387,580200,45876269.76,347524.06
4/27/2017,1309.1,334471,606556,64754541.49,332309.26
4/28/2017,1345.35,297884,554691,62204334.61,345012.39
4/29/2017,1331.29,305271,582826,61518505.25,332403.17
4/30/2017,1334.97,341319,634025,45569576.92,342257.22
5/1/2017,1353,281489,526652,43853713.71,269664.13
5/2/2017,1417.17,294786,542847,102136864.5,322759.5
5/3/2017,1452.07,333161,609090,86306466.16,395951.67
5/4/2017,1507.57,295149,547221,98768076.02,372889.6
5/5/2017,1508.29,354737,676230,178681011.6,463189.99
5/6/2017,1533.33,267193,523629,136654833.5,400678.37
5/7/2017,1560.41,363022,677421,68907283.75,462776.61
5/8/2017,1535.86,316011,581369,62492472.18,425490.46
5/9/2017,1640.61,365096,691480,139627613.3,519173.22
5/10/2017,1721.28,332879,621156,167512042.5,521483.13
5/11/2017,1762.88,311391,592447,131817395.9,534621.62
5/12/2017,1820.99,294743,568521,151505814.8,509112.95
5/13/2017,1720.47,317698,600568,139214052.7,554081.09
5/14/2017,1771.92,329266,623293,111469417.3,533692.38
5/15/2017,1776.31,369098,691330,61547076.23,528411.92
5/16/2017,1723.12,329229,636246,102816017.7,563985.94
5/17/2017,1739.03,233977,453290,108385267.4,597199.24
5/18/2017,1807.48,317527,591515,132248945.8,878322.26
5/19/2017,1899.08,288904,570189,110766531.5,744481.15
5/20/2017,1961.52,319502,633617,154137281,868584.68
5/21/2017,2052.9,352805,646325,136549462.2,796023.68
5/22/2017,2046.53,326057,608719,128454137.2,721993.73
5/23/2017,2090.66,327868,604610,295717901.9,850142.83
5/24/2017,2287.71,367710,687290,203482045.6,1071525.9
5/25/2017,2379.19,338642,631835,248904779.1,1125215.97
5/26/2017,2387.2,350114,659055,401279047.7,1190928.11
5/27/2017,2211.97,333340,641520,324426983.6,1039178.43
5/28/2017,2014.05,331914,651462,321289966.6,1065087.24
5/29/2017,2192.98,308143,592662,185870201.1,924308.57
5/30/2017,2275.93,321638,594355,133826839.1,1126368.15
5/31/2017,2239.2,347961,634488,148703191.1,1317521.33
6/1/2017,2285.93,321634,614126,204425185.1,1303942.09
6/2/2017,2399.24,319709,610354,198826825,1365337.13
6/3/2017,2446.14,271539,534561,122456001.8,1150058.57
6/4/2017,2525.76,305320,601583,129006639.1,1378176.82
6/5/2017,2516.17,266044,537387,120095754.4,1112132.31
6/6/2017,2698.31,289930,576032,168803116.3,1282881.03
6/7/2017,2883.31,297416,617593,371264851.9,1474348.25
6/8/2017,2664.92,339720,657364,205713695,1780519.03
6/9/2017,2792.99,307377,609712,174094195.6,1371335.9
6/10/2017,2827.49,282184,571964,108367646.9,1288092.36
6/11/2017,2845.37,254993,516474,154123952.1,1112267.72
6/12/2017,2961.82,222892,467561,181774994.4,1054767.5
6/13/2017,2657.67,269098,538624,393739719.9,1089286.31
6/14/2017,2748.18,291776,611325,204283558.8,1317589.24
6/15/2017,2447.04,287644,565868,268520562.4,1112772.56
6/16/2017,2442.48,293141,577610,435834778.6,1063464.34
6/17/2017,2464.95,269937,536165,195907758.5,925226.1
6/18/2017,2665.92,236554,477378,158849628.8,830165.18
6/19/2017,2507.38,209359,433246,146939437.2,697043.16
6/20/2017,2617.21,269774,532642,146249310,1013286.57
6/21/2017,2754.97,269438,594425,204123503,1069166.76
6/22/2017,2671.04,280203,585194,208033200.8,1235901.61
6/23/2017,2727.28,269685,534177,143429984.7,1219384.37
6/24/2017,2710.41,259938,506612,91452068.35,918720.61
6/25/2017,2589.16,227127,469727,146373123.5,795414.35
6/26/2017,2512.36,180719,378448,135111001.6,649919.97
6/27/2017,2436.45,261906,515883,237329706.4,913806.99
6/28/2017,2517.9,259737,556158,239311708.3,926320.89
6/29/2017,2585.34,279811,549136,157399624.7,997582.89
6/30/2017,2544.41,231054,467647,107906654.1,868664.46
7/1/2017,2477.64,267360,533427,103718383,884943.89
7/2/2017,2434.07,221856,440616,105511589.7,621356.88
7/3/2017,2501.19,196539,409305,96748666.51,494884.67
7/4/2017,2561.22,253244,497458,131455113.2,725364.96
7/5/2017,2599.72,255483,548401,130187106.9,764149.66
7/6/2017,2619.18,237008,476016,119861961.7,591467.03
7/7/2017,2609.96,225106,459294,93522266.98,630360.99
7/8/2017,2491.2,243614,559413,116912656.4,599521.8
7/9/2017,2562.13,220835,451048,91133549.95,492984.25
7/10/2017,2536.23,188124,390402,56620250.18,398767.85
7/11/2017,2366.17,251722,567052,163706108.8,486419.52
7/12/2017,2369.86,265759,563334,184411999.6,491926.91
7/13/2017,2385.74,257138,513002,153172924.9,530475.95
7/14/2017,2354.78,245895,489848,106346343.5,496365.22
7/15/2017,2190.94,227903,473082,133121604.2,471881.18
7/16/2017,2058.99,221851,446599,205297978.8,779036.56
7/17/2017,1931.21,203165,406436,152530374.3,322374.75
7/18/2017,2176.62,230315,475431,242313696,431051.06
7/19/2017,2320.12,260575,561055,262461203.8,520910.29
7/20/2017,2264.76,253768,519400,186988238.2,456581.83
7/21/2017,2898.18,230199,477427,281540460.7,664474.02
7/22/2017,2682.19,268443,542764,384806565.9,669850.65
7/23/2017,2807.6,223358,433135,215642445.1,480204.94
7/24/2017,2725.54,181031,353197,169964412.2,341721.07
7/25/2017,2751.82,240072,469352,139976350.8,459453.75
7/26/2017,2560.99,244036,511831,288015952.5,431510.05
7/27/2017,2495.02,237853,460146,176626997.8,418004.16
7/28/2017,2647.62,225369,443425,146490393.9,440222.11
7/29/2017,2781.63,247207,487086,232077673.1,524147.46
7/30/2017,2722.51,211134,416822,127294021.5,425982.46
7/31/2017,2745.95,184145,386558,152859034.1,379262.63
8/1/2017,2866.43,231012,485988,127009234.1,558578.28
8/2/2017,2710.41,131875,301131,214878001.4,205846.71
8/3/2017,2693.63,209321,403175,117440138.3,351559.25
8/4/2017,2794.11,213017,427728,113131475,346766.64
8/5/2017,2873.85,235792,467900,106217903.4,326099.43
8/6/2017,3218.11,239771,463849,344352179.1,365470.98
8/7/2017,3252.56,199627,408435,122798187.4,285921.06
8/8/2017,3407.22,249002,512717,198345493,415090.49
8/9/2017,3457.37,275574,587787,241759565.1,549940.71
8/10/2017,3357.32,260955,532314,199170114,530296.11
8/11/2017,3424.4,257965,550474,153824056.6,661546.95
8/12/2017,3632.5,284001,580987,195208159,853438.19
8/13/2017,3852.8,260521,530699,332122906.1,811987.46
8/14/2017,4125.54,263310,516470,381628414.2,782662.03
8/15/2017,4282.99,255362,542909,168021272.4,1067271.38
8/16/2017,4217.02,311002,650899,592573698.1,1477859.19
8/17/2017,4360.87,274866,543436,341988374.5,1515513.77
8/18/2017,4328.72,347319,631515,351792037.7,1581354.27
8/19/2017,4130.44,312250,580732,373082615.8,1395931.46
8/20/2017,4222.66,266832,535350,322665040.4,1122855.7
8/21/2017,4157.95,210852,444725,177654410.1,868938.37
8/22/2017,4043.72,236772,501755,123200186.5,1204887.48
8/23/2017,4082.18,196283,419158,504190986.2,1364202.61
8/24/2017,4174.94,315734,628516,257486335.9,2262700.49
8/25/2017,4340.31,203805,423332,218844386.9,1675358.92
8/26/2017,4363.05,208169,471224,246665524.6,1857857.86
8/27/2017,4360.51,226485,472784,139377309.6,1854583.53
8/28/2017,4354.3,261891,509082,112660557.9,1562511.87
8/29/2017,4391.67,223771,504370,209634566.5,1660836.35
8/30/2017,4607.98,281116,593017,317010671.9,2127784.01
8/31/2017,4594.98,271466,565808,202687613.6,1785141.43
9/1/2017,4748.25,280724,589297,220351499.9,1962049.7
9/2/2017,4911.74,283670,591520,338585244.4,1879929.22
9/3/2017,4580.38,236811,536081,440710136.1,1330599.17
9/4/2017,4648.15,195289,437076,308302328,1111538.99
9/5/2017,4344.09,269280,561328,513527217.6,1413576.89
9/6/2017,4488.72,277948,601576,467133132.5,1265391.76
9/7/2017,4641.82,276225,587813,384503428.8,1265360.11
9/8/2017,4654.65,256374,526959,222544560.6,1197810.24
9/9/2017,4310.75,279488,606485,503768705.8,938733.63
9/10/2017,4375.55,217890,452503,117381164.7,633801.61
9/11/2017,4329.95,193240,412029,331793077.9,620215.91
9/12/2017,4248.09,253492,537474,250115590.4,678563.69
9/13/2017,4219.03,256230,549109,311636501.3,628248.11
9/14/2017,3961.27,263320,543777,541722553.5,529746.69
9/15/2017,3319.62,268068,552954,736178849.4,510343.43
9/16/2017,3774.26,292079,637364,1267434716,48384.16
9/17/2017,3763.62,228257,486762,474370445.7,451325.77
9/18/2017,3746.06,197683,433778,249840870.7,372398.37
9/19/2017,4093.31,218204,481944,425335356.1,688938.35
9/20/2017,3943.41,282917,578178,349157038.3,684984.36
9/21/2017,3977.56,235723,480582,229919029.8,582342.9
9/22/2017,3658.89,255257,533108,385065464.6,498886.53
9/23/2017,3637.5,227615,515183,317303697.7,426184.96
9/24/2017,3776.38,203861,427804,179361986,376490.13
9/25/2017,3703.04,185277,383448,138592392.4,309852.64
9/26/2017,3942.55,226603,505248,284073950.9,581016.28
9/27/2017,3910.3,263648,544621,175299977.8,586880.87
9/28/2017,4202.55,257961,548154,357673848.7,603060.97
9/29/2017,4201.98,275976,561792,275531143.2,564964.16
9/30/2017,4193.57,254438,569237,289284083.4,483654.03
10/1/2017,4335.36,212678,467807,222088521.7,439786.08
10/2/2017,4360.72,203653,416589,171779832.3,519159.32
10/3/2017,4386.88,295002,606137,250398347.6,791715.12
10/4/2017,4293.3,282132,591541,256471830.9,654877.02
10/5/2017,4225.17,232826,496067,204003764.2,577720.15
10/6/2017,4338.85,273243,552622,87904264.41,695709.92
10/7/2017,4345.6,283699,609682,205812106.4,647587.03
10/8/2017,4376.19,231226,505784,89524651.87,473572.05
10/9/2017,4602.28,238385,496285,282133882.8,514518.77
10/10/2017,4777.96,296946,585027,397258570.2,713546.42
10/11/2017,4782.27,303101,613363,347920434.6,799875.59
10/12/2017,4819.48,292459,604454,296445764.4,714117.14
10/13/2017,5325.13,293164,588009,680358364.3,928780.08
10/14/2017,5563.8,309819,660223,953598649.5,1566403.95
10/15/2017,5739.43,293140,594481,328701504.7,1306271.22
10/16/2017,5647.31,283473,578160,490476846.9,918858.99
10/17/2017,5711.2,314725,643456,322723336.6,1104658.35
10/18/2017,5603.71,334438,670954,322503478.1,1171945.17
10/19/2017,5546.17,329579,646477,627801313.9,1065989.86
10/20/2017,5727.63,356985,692404,376178014,1096912.81
10/21/2017,5979.45,312409,644654,583507046.9,968507.73
10/22/2017,6020.37,312257,606416,555571195.7,1010021.5
10/23/2017,5983.18,289131,573796,469066735.3,929379.6
10/24/2017,5876.07,316096,640545,633277065.1,1090860.96
10/25/2017,5505.82,347220,716443,628021830.3,1100012.46
10/26/2017,5669.62,315415,636240,446193087.8,804946.78
10/27/2017,5893.13,265827,555497,450583865.8,663865.09
10/28/2017,5772.5,246692,552374,402366481.8,962088.74
10/29/2017,5776.69,207066,440621,278764450.6,1011143.1
10/30/2017,6155.43,334025,666706,572711007.5,1716486.63
10/31/2017,6105.87,316077,672642,144588378.9,1609453.33
11/1/2017,6388.64,277535,611373,454449998.3,1481494.86
11/2/2017,6665.3,241788,733878,630017228.5,1460719.71
11/3/2017,7068.02,341474,704944,1143999865,1962017.31
11/4/2017,7197.72,277598,670928,374814689,1956152.11
11/5/2017,7437.54,294121,588058,563573963.1,2032306.69
11/6/2017,7377.01,251728,555458,568573468.2,1458113.7
11/7/2017,6989.07,271029,608650,832822399.4,1679738.78
11/8/2017,7092.12,335636,714349,533993339.5,2085988.33
11/9/2017,7415.87,301346,646100,1261823617,2271125.5
11/10/2017,7158.03,341281,727945,528018381.6,2586413.1
11/11/2017,6719.39,271745,619943,1128392931,2150025.6
11/12/2017,6362.85,194634,455431,805734191,2017392.35
11/13/2017,5716.3,185966,467890,1601736904,3336093.43
11/14/2017,6550.22,309299,694828,1259093768,5131358.27
11/15/2017,6635.41,271995,604054,597502689.4,4081355.24
11/16/2017,7301.42,321788,709142,925948610,4406485.69
11/17/2017,7815.03,310396,677301,1167106378,3928149.05
11/18/2017,7786.88,306617,684253,1009820548,3123836.62
11/19/2017,7817.14,270874,614839,541082170.9,2266879.97
11/20/2017,8007.65,264855,603429,541743546.8,1981442.3
11/21/2017,8255.59,336204,734768,546752953.5,2716241.39
11/22/2017,8059.8,371091,753813,1004515767,2500928.14
11/23/2017,8268.03,256709,673818,494283581.3,1700034.08
11/24/2017,8148.94,352207,747161,425395614.8,2166965.27
11/25/2017,8250.97,305735,698358,644675714.8,1926904.49
11/26/2017,8707.4,336689,697525,677327101.1,1703515.11
11/27/2017,9284.14,329677,712606,183816238.5,1775333.26
11/28/2017,9718.29,379256,829650,1100089827,2298406.74
